element,best_campaign_build,ult,campaign_score,clear_rate,avg_final_hp,avg_total_turns
火,连焰斩 + 炎盾 + 焚血回复,日轮爆炎,1092.9969719028816,1.0,1044.4242571303214,31.833333333333332
水,回流针 + 漩涡连击 + 生命潮涌,终末海啸,1113.7779069767441,1.0,1345.1860465116279,44.0
风,旋羽连射 + 风刃刻痕 + 回旋恢复,天穹飓风,-45.0,0.0,0.0,22.5
土,磐石壁垒 + 裂地震 + 石肤愈合,大地终裁,1112.8652173913044,1.0,1432.4347826086957,51.0
光,圣愈 + 圣盾 + 星芒乱射,裁决之日,1101.712619047619,1.0,1222.5285714285717,40.833333333333336
